eTIV,hippoL,hippoR
1427251.469893,3685.446482,3788.357153
